,FAKE,REAL,TOTAL,CREDIBILITY
2-left,90,1230,1320,0.931818181818
3-center left,80,937,1017,0.92133726647
6-right,79,1360,1439,0.94510076442
0-unknown,51,325,376,0.864361702128
7-extreme right,30,286,316,0.905063291139
4-center,29,1241,1270,0.977165354331
5-center right,6,126,132,0.954545454545
