,FAKE,REAL,TOTAL,CREDIBILITY
0-unknown,5025,18.0,5043.0,0.00356930398572
1-extreme left,249,,,
2-left,1570,337.0,1907.0,0.176717357105
3-center left,998,143.0,1141.0,0.125328659071
4-center,906,335.0,1241.0,0.269943593876
5-center right,313,86.0,399.0,0.215538847118
6-right,2538,592.0,3130.0,0.189137380192
7-extreme right,2306,14.0,2320.0,0.00603448275862
